count,date,title,description,org_link,link
1,2024-02-15 10:07:00,"증권플러스 비상장, 사기 방지 캠페인 ‘S.A.F.E’ 진행",<b>개인정보 유출</b>로 추가 피해가 우려되는 경우 금감원의 ‘<b>개인정보</b>노출자 사고예방시스템’을 활용하면 도움을 받을 수 있다. 증권플러스 비상장 관계자는 “갈수록 교묘해지는 비상장 주식 사기에 맞서 우리 사회의... ,https://www.busan.com/view/busan/view.php?code=2024021510062250907,https://n.news.naver.com/mnews/article/082/0001255686?sid=101
2,2024-02-15 10:02:00,"<b>개인정보</b>위, 공공기관 <b>개인정보</b> 관리 실태점검 및 시정조치 의결","<b>개인정보</b>위는 <b>개인정보</b>보호법 개정 등에 따라 2023년 9월 15일 이후 발생한 공공기관의 <b>개인정보 유출</b>·침해 등에 대해서는 제재 수위가 대폭 강화(기존과태료→변경과징금 부과 원칙, 임직원 처벌 강화)된 만큼 기관과... ",https://www.digitaltoday.co.kr/news/articleView.html?idxno=505957,https://www.digitaltoday.co.kr/news/articleView.html?idxno=505957
3,2024-02-15 10:01:00,"코로나19 방역시스템 안전조치 미흡…<b>개인정보</b>위, '주의' 당부","<b>개인정보</b>위는 법 개정에 따라 지난해 9월 15일 이후 발생한 공공기관 <b>개인정보 유출</b>·침해 등에 대한 제재 수위가 강화된 점을 고려해, 기관과 담당자들의 주의가 필요하다고 강조했다. 이전에는 과태료 부과에 그쳤지만... ",https://www.ddaily.co.kr/page/view/2024021509265295603,https://n.news.naver.com/mnews/article/138/0002166853?sid=105
4,2024-02-15 10:00:00,"두나무, 오는 6월까지 증권플러스 비상장 사기 방지 캠페인 'S.A.F.E' 진행",<b>개인정보 유출</b>로 추가 피해가 우려되는 경우에는 금융감독원의 '<b>개인정보</b>노출자 사고예방시스템'을 활용하면 도움을 받을 수 있다. 비상장 사기 범죄 근절을 위한 'S.A.F.E' 캠페인은 향후 증권플러스 비상장... ,https://www.thefairnews.co.kr/news/articleView.html?idxno=22325,https://www.thefairnews.co.kr/news/articleView.html?idxno=22325
5,2024-02-15 10:00:00,"개보위, <b>개인정보</b> 관리 미흡 7개 기관에 과태료 3240만원 부과","<b>개인정보</b>위 관계자는 &quot;보호법 개정 등에 따라 지난해 9월 이후 발생한 공공기관의 <b>개인정보 유출</b>·침해 등에 대해서는 제재 수위가 대폭 강화(과태료→과징금 부과 원칙, 임직원 처벌 강화)된 만큼 기관과 담당자의 세심한... ",https://www.news1.kr/articles/5321260,https://n.news.naver.com/mnews/article/421/0007352269?sid=100
6,2024-02-15 10:00:00,'<b>개인정보</b> 보호미흡' 강제동원재단 등 공공기관 무더기 과태료,"<b>개인정보</b>위는 법 개정 이후 발생한 공공기관의 <b>개인정보 유출</b>·침해 사고에 대해선 과태료 대신 과징금 부과를 원칙으로 하고, 임직원 처벌도 강화됐다며 기관·담당자의 세심한 관심과 주의를 당부한다고 밝혔다.",http://news.mt.co.kr/mtview.php?no=2024021509385454518,https://n.news.naver.com/mnews/article/008/0004998958?sid=105
7,2024-02-15 10:00:00,"<b>개인정보</b>위, '<b>정보</b>관리 위반' 공공기관 7곳 과태료 3천240만원",<b>개인정보</b>위는 지난해 9월 개정된 <b>개인정보</b>보호법에 따라 공공기관의 <b>개인정보 유출</b>·침해 등에 대한 제재가 대폭 강화된 만큼 사전 점검과 교육을 통해 보호 수준을 높여나갈 계획이다.,https://www.yna.co.kr/view/AKR20240214160100530?input=1195m,https://n.news.naver.com/mnews/article/001/0014506259?sid=105
8,2024-02-15 09:58:00,국내 AI 신약개발 관심은 높지만 데이터?인력 부족으로 '경쟁력' 낮아,"<b>개인정보 유출</b>을 막기 위해서는 공유 원장 기반의 블록체인, 연합학습 등 여러 기술을 활용해 <b>개인정보</b> 활용 추적 시스템을 마련할 것을 제안했다. AI 신약개발 분야 인력 확보를 위해서는 국내 유입 정책과 인력 양성... ",https://www.medigatenews.com/news/668014590,https://www.medigatenews.com/news/668014590
9,2024-02-15 09:42:00,"증권플러스 비상장, 6월까지 사기 방지 캠페인 'S.A.F.E' 진행",<b>개인정보 유출</b>로 추가 피해가 우려되는 경우에는 금융감독원의 '<b>개인정보</b>노출자 사고예방시스템'을 활용하면 도움을 받을 수 있다. 증권플러스 비상장 관계자는 &quot;갈수록 교묘해지는 비상장 주식 사기에 맞서 우리... ,https://www.ddaily.co.kr/page/view/2024021509334407334,https://n.news.naver.com/mnews/article/138/0002166846?sid=101
10,2024-02-15 09:38:00,한국세무사회 &quot;한국거래소의 '삼쩜삼' 코스닥상장 미승인 환영&quot;,세무사회는 &quot;국민들이 <b>개인정보</b>와 개별납세<b>정보</b>의 <b>유출</b> 없이 전문성과 책임성을 갖춘 세무사로부터 값싸고 안전하게 환급을 받거나 납세를 할 수 있도록 세무사와 국민을 매칭하는 '국민세금 공공플랫폼'을 개발하고... ,http://www.intn.co.kr/news/articleView.html?idxno=2033922,http://www.intn.co.kr/news/articleView.html?idxno=2033922
11,2024-02-15 09:37:00,"증권플러스 비상장, 사기 방지 캠페인 진행","<b>개인정보 유출</b>로 추가 피해가 우려되는 경우에는 금융감독원의 '<b>개인정보</b>노출자 사고예방시스템'을 활용하면 도움을 받을 수 있다. 이번 캠페인은 증권플러스 비상장 앱 내 콘텐츠, 공식 블로그 등 다양한 방식으로... ",https://www.etnews.com/20240215000039,https://n.news.naver.com/mnews/article/030/0003181049?sid=101
12,2024-02-15 09:36:00,"증권플러스 비상장, 사기 방지 캠페인 'S.A.F.E' 진행",<b>개인정보 유출</b>로 추가 피해가 우려되는 경우에는 금융감독원의 '<b>개인정보</b>노출자 사고예방시스템'을 활용하면 도움을 받을 수 있다. 증권플러스 비상장 관계자는 &quot;갈수록 교묘해지는 비상장 주식 사기에 맞서 우리... ,https://www.youthdaily.co.kr/news/article.html?no=145606,https://www.youthdaily.co.kr/news/article.html?no=145606
13,2024-02-15 09:35:00,"바이든 특검보고서, 지지자와 적들 모두 &quot;전문 공개&quot; 원해- AP",조 바이든 미국 대통령이 백악관 기밀문서를 다루는 과정에서 기밀 <b>유출</b> 혐의를 받았던 것은 특별검사에... 바이든 대통령은 부통령시절부터 민감한 <b>정보</b> 문서 등을 <b>개인</b> 자택과 사무실에 보관해 온 혐의로 조사 받았지만... ,http://www.newsis.com/view/?id=NISX20240215_0002627009&cID=10101&pID=10100,https://n.news.naver.com/mnews/article/003/0012373776?sid=104
14,2024-02-15 09:33:00,'연락처 <b>유출</b> 방지' QR코드 주차 안심번호 이용하세요,"대전시, 차량내 휴대전화 번호 노출 예방 서비스 본격 운영 대전시는 15일부터 차량 내 비치된 <b>개인</b> 연락처 <b>유출</b> 방지를 위한 'QR코드(<b>정보</b>무늬) 주차 안심번호 서비스'를 본격 운영한다. 주차 안심번호 서비스는 차주가... ",https://www.pressian.com/pages/articles/2024021509113249481?utm_source=naver&utm_medium=search,https://n.news.naver.com/mnews/article/002/0002319515?sid=102
15,2024-02-15 09:28:00,"증권플러스 비상장 &quot;사기 범죄 예방, '세이프'(S.A.F.E)를 기억하세요&quot;","<b>개인정보 유출</b>로 추가 피해가 우려되는 경우에는 금융감독원의 '<b>개인정보</b>노출자 사고예방시스템'을 활용하면 도움을 받을 수 있다. 이번 캠페인은 향후 증권플러스 비상장 애플리케이션 내 콘텐츠, 공식 블로그 등... ",https://www.newsquest.co.kr/news/articleView.html?idxno=218221,https://www.newsquest.co.kr/news/articleView.html?idxno=218221
16,2024-02-15 09:16:00,"제로다크웹, 국내 인터넷 강의 사이트 다크웹 <b>개인정보 유출</b>, 4만 5천여 건",추가적인 <b>개인정보 유출</b>을 방지를 위해 새로운 보안 절차를 수립하고 오피스키퍼와 같은 <b>정보유출</b>방지솔루션을 도입해 다양한 <b>정보유출</b> 경로를 통제하고 이력과 원본파일을 서버에 저장해 <b>정보유출</b> 사고를 예방하는... ,https://www.cctvnews.co.kr/news/articleView.html?idxno=236805,https://www.cctvnews.co.kr/news/articleView.html?idxno=236805
17,2024-02-15 09:04:00,"두나무 '증권플러스 비상장', 사기 방지 캠페인 'S.A.F.E' 진행",<b>개인정보 유출</b>로 추가 피해가 우려되는 경우에는 금융감독원의 '<b>개인정보</b>노출자 사고예방시스템'을 활용하면 도움을 받을 수 있다. 증권플러스 비상장 관계자는 &quot;앞으로도 증권플러스 비상장은 업계 선도... ,https://www.businessplus.kr/news/articleView.html?idxno=55102,https://www.businessplus.kr/news/articleView.html?idxno=55102
18,2024-02-15 08:54:00,"증권플러스 비상장, 사기 방지 캠페인 'S.A.F.E' 진행",<b>개인정보 유출</b>로 추가 피해가 우려되는 경우에는 금융감독원의 '<b>개인정보</b>노출자 사고예방시스템'을 활용하면 도움을 받을 수 있다. 비상장 사기 범죄 근절을 위한 'S.A.F.E' 캠페인은 향후 증권플러스 비상장 애플리케이션... ,https://www.financialpost.co.kr/news/articleView.html?idxno=200825,https://www.financialpost.co.kr/news/articleView.html?idxno=200825
19,2024-02-15 08:50:00,"테무, MASA 인증 획득… 사용자 보안·<b>개인정보</b> 보호 강화 나서",테무 관계자는 &quot;테무는 사용자의 <b>개인정보</b> 보호 및 보안을 개선하기 위해 지속적으로 노력해 왔다&quot;며 &quot;MASA 인증을 획득하는 등 고객 <b>정보</b> 보호를 위한 노력을 다하고 있으니 <b>개인정보 유출</b> 걱정 없이 안심하고... ,https://www.pointdaily.co.kr/news/articleView.html?idxno=190524,https://www.pointdaily.co.kr/news/articleView.html?idxno=190524
20,2024-02-15 08:36:00,"증권플러스 비상장, 6월까지 사기 방지 캠페인","<b>개인정보 유출</b>로 추가 피해가 우려되는 경우에는 금융감독원의 '<b>개인정보</b>노출자 사고예방시스템'을 활용하면 도움을 받을 수 있다. 증권플러스 비상장 애플리케이션 내 콘텐츠, 공식 블로그 등 다양한 방식으로... ",https://view.asiae.co.kr/article/2024021508364560474,https://n.news.naver.com/mnews/article/277/0005379982?sid=101
21,2024-02-15 08:34:00,"증권플러스 비상장, 사기 방지 캠페인 'S.A.F.E' 진행",<b>개인정보 유출</b>로 추가 피해가 우려되는 경우에는 금융감독원의 '<b>개인정보</b>노출자 사고예방시스템'을 활용하면 도움을 받을 수 있다. 비상장 사기 범죄 근절을 위한 'S.A.F.E' 캠페인은 향후 증권플러스 비상장 애플리케이션... ,https://www.pressman.kr/news/articleView.html?idxno=77964,https://www.pressman.kr/news/articleView.html?idxno=77964
22,2024-02-15 08:24:00,"테무, 모바일 애플리케이션 보안 평가 MASA 인증 획득",개선하기 위해 지속적으로 노력해 왔으며 그 일환으로 MASA 인증을 획득했다&quot;며 &quot;업계 최고의 수준으로 고객 <b>정보</b>를 보호하고 있기 때문에 소비자는 <b>개인정보 유출</b> 걱정 없이 안심하고 쇼핑할 수 있다&quot;고 전했다.,https://www.klnews.co.kr/news/articleView.html?idxno=311209,https://www.klnews.co.kr/news/articleView.html?idxno=311209
23,2024-02-15 08:16:00,[사설] 쿠팡 블랙리스트 의혹 수사로 진상 밝혀야,문제의 사유 항목에는 회사 내부 <b>정보</b> 외부 <b>유출</b>이라고 적혔다.쿠팡의 블랙리스트 작성이 사실이라면 심각한 불법 행위다. 일단 헌법상 근로할 권리를 침해한 근로기준법 위반이며 <b>개인정보</b>를 취업 배제 목적으로... ,https://vop.co.kr/A00001647731.html,https://vop.co.kr/A00001647731.html
24,2024-02-15 08:16:00,"두나무, '증권플러스 비상장' 사기 방지 캠페인 진행",<b>개인정보 유출</b>로 추가 피해가 우려되는 경우에는 금융감독원의 '<b>개인정보</b>노출자 사고예방시스템'을 활용하면 도움을 받을 수 있다. 비상장 사기 범죄 근절을 위한 'S.A.F.E' 캠페인은 향후 증권플러스 비상장... ,https://www.khgames.co.kr/news/articleView.html?idxno=224614,https://www.khgames.co.kr/news/articleView.html?idxno=224614
25,2024-02-15 08:01:00,“○○○님이시죠?” 선거후보자가 내 이름을 안다?,무엇보다 불쾌한 건 <b>개인 정보 유출</b>이었습니다. 이 씨는 &quot;<b>개인</b> 신상을 알려준 적이 없는데 내가 모르는 사람에게서 홍보 전화와 문자가 오니까 기분도 좋지 않다. 홍보 내용도 자화자찬이라 홍보 효과도 없는 것 같다&quot;고... ,https://news.kbs.co.kr/news/pc/view/view.do?ncd=7890449&ref=A,https://n.news.naver.com/mnews/article/056/0011662189?sid=100
26,2024-02-15 07:14:00,[굿모닝브리핑] SNS '뒷광고' 꾸준한 증가세...인스타그램 최다 적발,"그래서 <b>개인정보</b> 침해에 대한 우려가 제기되고 있습니다. 이런 <b>개인정보</b> 침해 논란은 AI가 발달해오면서... 10여 년간 이어지다 한풀 꺾인 '제주살이 열풍', 이젠 제주 역시 인구 <b>유출</b>을 걱정해야 하는 지역이 됐습니다. 2월... ",https://www.ytn.co.kr/_ln/0103_202402150714215485,https://n.news.naver.com/mnews/article/052/0001998093?sid=102
27,2024-02-15 06:32:00,김규나 연재소설 ‘최초의 당신’ [30] 행운을 가질 자격,"수신자가 관심을 보일 만한 문구가 작성됩니다.” “환자의 <b>개인정보 유출</b>은 불법 아닙니까?” “사회가 규정한 법을 지키지 않아도 된다는 말은 아닙니다만 선과 악·합법과 불법, 그 너머에도 법이 있으니까요.... ",https://www.skyedaily.com/news/news_view.html?ID=221017,https://www.skyedaily.com/news/news_view.html?ID=221017
28,2024-02-15 06:32:00,"고발 사주 징역 1년, 남은 질문 ‘윗선은요?’ [고발 사주 법정 중계]","그러나 1차 고발장과 ‘제보자 X’ 지 아무개씨의 실명 판결문 <b>유출</b> 등이 공무상비밀누설죄, <b>개인정보</b>보호법 위반 혐의, 형사사법절차전자화촉진법 위반 혐의에 해당된다고 보았다. 4개 혐의 중 3개 혐의가 인정된 것이다.... ",https://www.sisain.co.kr/news/articleView.html?idxno=52192,https://n.news.naver.com/mnews/article/308/0000034301?sid=102
29,2024-02-15 06:22:00,'해킹 의심' 인천시교육청 11만명 <b>개인정보 유출</b> 여부 조사,<b>개인정보</b>위원회가 인천시교육청 소속 교직원·학생 11만여명의 <b>개인정보 유출</b> 여부를 조사하고 있습니다. <b>개인정보</b>위에 따르면 지난해 12월 교직원과 학생이 사용하는 시교육청의 마이크로소프트(MS) 오피스365 관리... ,http://mbn.mk.co.kr/pages/news/newsView.php?category=mbn00009&news_seq_no=5003030,https://n.news.naver.com/mnews/article/057/0001799333?sid=102
30,2024-02-15 06:14:00,"[초점] ﻿美 자동차업계, 값싼 중국산 전기차 수입 땐 시장 붕괴 우려",여기에는 민감한 <b>개인 정보</b> 수집과 <b>유출</b> 우려를 들어 중국산 스마트카 수입 금지 등이 포함될 것이라고 미국 언론이 보도했다. 미국은 전기차 등 중국산 스마트카의 데이터 안보 우려에 대응하기 위해 해당 차량과... ,http://www.g-enews.com/ko-kr/news/article/news_all/2024021505291031866b49b9d1da_1/article.html,http://www.g-enews.com/ko-kr/news/article/news_all/2024021505291031866b49b9d1da_1/article.html
31,2024-02-15 06:07:00,"<b>개인정보</b>위, '해킹 의심' 인천시교육청 <b>개인정보 유출</b> 조사",학생·교직원 등 11만명 <b>정보</b> 담겨…'늑장 신고' 여부 확인 <b>개인정보</b>보호위원회는 해킹 의심 사건이 발생한 인천시교육청에 대해 <b>개인정보 유출</b>과 위법성 여부 등을 들여다보고 있다고 15일 밝혔다. <b>개인정보</b>위와... ,https://www.yna.co.kr/view/AKR20240214137800530?input=1195m,https://n.news.naver.com/mnews/article/001/0014505818?sid=102
32,2024-02-14 22:28:00,"테무, <b>개인정보</b> 보호 강화","개선하기 위해 지속적으로 노력해 왔으며, 그 일환으로 MASA 인증을 획득했다&quot;며 &quot;업계 최고의 수준으로 고객 <b>정보</b>를 보호하고 있기 때문에 소비자는 <b>개인정보 유출</b> 걱정 없이 안심하고 쇼핑할 수 있다&quot;고 말했다.",https://www.econovill.com/news/articleView.html?idxno=645784,https://www.econovill.com/news/articleView.html?idxno=645784
33,2024-02-14 21:22:00,목포 김원이·배종호 예비후보 기자회견으로 지지세 확산,배종호 후보는 목포시의회에서 기자회견을 갖고 2022년 지방선거 당시 권리당원의 <b>개인정보 유출</b>사건 등을 거론하며 민심과 당심이 함께 가는 100% 시민 경선으로 공정한 경선을 보장할 것을 촉구했습니다. #100... ,https://www.ikbc.co.kr/article/view/kbc202402140071,https://n.news.naver.com/mnews/article/660/0000055580?sid=102
34,2024-02-14 20:46:00,"'비상 경영' LGU+, 올해 직원 성과급 인상한 배경은?",지난해 초 발생한 <b>개인정보 유출</b> 사고가 작용했다는 평가다. 다만 황 대표는 올초 신년사와 사내 워크샵을 통해 임직원에게 여러번 원팀 정신을 주문했다. 불확실하고 경쟁이 치열한 사업 환경에서 구성원들간... ,http://www.dailyimpact.co.kr/news/articleView.html?idxno=111299,http://www.dailyimpact.co.kr/news/articleView.html?idxno=111299
35,2024-02-14 20:24:00,소액결제 사기에 주의하자 / 정필규,절대로 <b>개인 정보</b>를 <b>유출</b>하지 말고 안전한 네트워크 환경에서 거래를 진행해야 한다. 소액결제 사기는 현대 사회에서 많은 이용자들에게 피해를 주고 있으며 이에 대한 인식과 대응이 중요하다. 정기적인 보안 교육 및 <b>정보</b>... ,http://www.kjdaily.com/article.php?aid=1707908370622332019,http://www.kjdaily.com/article.php?aid=1707908370622332019
36,2024-02-14 20:23:00,‘쿠팡 블랙리스트’ 의심 파일에 사회부 기자 수십명…작업장 취재 막으려?,이 기자의 ‘사유’ 항목에는 ‘회사 내부 <b>정보</b> 외부 <b>유출</b>’이 적혔다. 전문가들은 언론인들이 <b>개인정보</b>가 적힌 파일을 실제 쿠팡풀필먼트 쪽에서 만들고 활용했다면 <b>개인정보</b>보호법 위반 여지가 있다고 봤다. 양홍석... ,https://www.hani.co.kr/arti/society/labor/1128396.html,https://n.news.naver.com/mnews/article/028/0002676922?sid=102
37,2024-02-14 18:24:00,"생일·취향…챗GPT, 이제 나를 기억한다",<b>개인정보 유출</b> 우려 시 데이터 통제 기능을 통해 차단할 수 있다. 기업이나 단체를 위한 ‘챗GPT 엔터프라이즈’와 ‘챗GPT 팀즈’의 콘텐츠는 학습에 활용되지 않는다.,https://www.hankyung.com/article/2024021438001,https://n.news.naver.com/mnews/article/015/0004948367?sid=105
38,2024-02-14 18:18:00,"증평군, 모바일 체납안내 전자문서 발송 시행",가능하므로 <b>개인정보 유출</b> 위험성이 적다. 군 관계자는 “향후 체납안내문 모바일 전자고지 서비스를 추진하면서 발생하는 불편 사항 등을 면밀히 검토하고 개선해... ,http://www.breaknews.com/1015776,http://www.breaknews.com/1015776
39,2024-02-14 18:02:00,"챗GPT, 채팅 내용 '기억 설정' 가능해진다",<b>개인정보 유출</b>이 우려된다면 관련 기능을 끄거나 챗봇이 어떤 <b>정보</b>도 기억하지 않고 모든 <b>정보</b>가 리셋되는 '임시 채팅' 기능을 사용하면 된다. 기억이 쌓일수록 답변 정확도는 높아진다. 오픈AI는 &quot;챗GPT의 기억력은 더... ,https://www.aitimes.com/news/articleView.html?idxno=157156,https://www.aitimes.com/news/articleView.html?idxno=157156
40,2024-02-14 17:39:00,"전주교육지원청, 학폭 전담조사관 <b>개인정보 유출</b> 논란","전북도교육청 관계자는 &quot;지역별 학교폭력 전담조사관 선발은 해당 교육지원청이 맡고 있다&quot;며 &quot;문제 제기된 <b>개인정보 유출</b> 사항을 확인해 보겠다&quot;고 했다. 한편, 전북 14개 시·군 교육지원청은 학교폭력 전담조사관... ",https://www.nocutnews.co.kr/news/6095465,https://n.news.naver.com/mnews/article/079/0003863584?sid=102
41,2024-02-14 17:36:00,"증평군, '체납안내문 모바일 전자문서 발송' 본격 시행","가능하므로 <b>개인정보 유출</b> 위험성이 적다. 군 관계자는 &quot;향후 체납안내문 모바일 전자고지 서비스를 추진하면서 발생하는 불편 사항 등을 면밀히 검토하고 개선해 나가겠다&quot;며, &quot;더불어 환급 안내 등 다른 분야에도... ",http://www.newstnt.com/news/articleView.html?idxno=344273,http://www.newstnt.com/news/articleView.html?idxno=344273
42,2024-02-14 17:28:00,배종호 예비후보 &quot;공정한 경선 위해 100% 시민경선 치러야&quot;,"또한 배 예비후보는 “최근 김원이 의원이 권리당원 등 8000여 명의 <b>개인정보 유출</b>사건으로 검찰에 고발되고, 거액의 민사소송사태 위험에 직면하면서 문제가 더욱 심각해지고 있다”며 “민주당 공천관리위원회는... ",https://www.cnbnews.com/news/article.html?no=643403,https://www.cnbnews.com/news/article.html?no=643403
43,2024-02-14 17:18:00,"워터월시스템즈 'WW USB', 국가<b>정보</b>원 보안기능확인서 획득","0과 함께 운용하게 되면 사내 <b>정보</b>는 DLP로, 외부 반출 <b>정보</b>는 'WW USB'로 관리할 수 있어, <b>유출</b>... ■[G-PRIVACY 2024] 하반기 최대 <b>개인정보</b>보호&amp;<b>정보</b>보안 컨퍼런스 개최 (7시간 보안교육 이수) △일시: 2024년 3월 12일(화)... ",https://www.dailysecu.com/news/articleView.html?idxno=153547,https://www.dailysecu.com/news/articleView.html?idxno=153547
44,2024-02-14 17:17:00,[이은아칼럼] n번방 사건 n년…당신의 <b>개인정보</b> 안녕한가요,디지털 성범죄 n번방 사건 사회복무요원 연루 드러나자 <b>개인정보</b> 취급 금지됐지만 현장에선 달라진 것 없어 행정기관 불감증 개선 없다면 <b>개인정보 유출</b>은 재발될 것 한 지방 도시 구청에서 일하는 사회복무요원 A는 복지... ,https://www.mk.co.kr/article/10942617,https://n.news.naver.com/mnews/article/009/0005258517?sid=110
45,2024-02-14 17:08:00,"테무, 세계 최고 시험인증기관 데크라로부터 MASA 인증 획득","테무 관계자는 &quot;사용자의 <b>개인정보</b> 보호 및 보안을 개선하기 위한 지속적인 노력의 일환으로 MASA 인증을 획득했다&quot;며, &quot;업계 최고 수준으로 고객 <b>정보</b>를 보호함으로써, 소비자는 <b>개인정보 유출</b> 걱정 없이... ",https://www.imaeil.com/page/view/2024021417073356313,https://n.news.naver.com/mnews/article/088/0000862256?sid=101
46,2024-02-14 16:55:00,챗GPT 내 성향 외우는 ‘기억’ 탑재···<b>개인정보</b> 침해 우려도,"<b>개인정보 유출</b>이 우려되는 이용자는 해당 기능을 차단할 수 있고, 저장된 <b>개인 정보</b>도 이용자가 삭제할 수 있다고 회사는 소개했다. 그러나 <b>개인정보</b>가 AI 학습에 사용될 수 있다는 우려를 배제할 수 없다. 뉴욕타임스는... ",https://www.khan.co.kr/economy/economy-general/article/202402141654001,https://n.news.naver.com/mnews/article/032/0003278945?sid=101
47,2024-02-14 16:50:00,"배종호 목포시 예비후보, '목포는 사고지역위원회 전락'","특히 기자회견에서 “2022년 지방선거 당시 권리당원 등 <b>개인정보 유출</b>사건으로 더불어민주당 목포시장후보 경선이 중단되고 민주당 목포시장 후보가 참패를 당하는 초유의 사태가 발생했지만, 아무도 책임지지... ",https://www.ajunews.com/view/20240214164153199,https://www.ajunews.com/view/20240214164153199
48,2024-02-14 16:48:00,진화한 챗GPT… 이젠 &quot;기억력&quot; 갖춰 대화한다,또 사용자가 특정 사항을 기억하거나 잊도록 명령할 수 있어 <b>개인정보 유출</b> 우려가 적다고 부연했다. ‘임시 채팅’ 기능도 추가될 예정이다. 오픈 AI는 챗봇이 어떤 <b>정보</b>도 기억하지 않길 바란다면 사용자는 모든... ,http://www.segye.com/newsView/20240214515088?OutUrl=naver,https://n.news.naver.com/mnews/article/022/0003904231?sid=104
49,2024-02-14 16:26:00,"테무, 사용자 보안·<b>개인정보</b> 보호 강화 앞장",테무 관계자는 “자사는 사용자 <b>개인정보</b> 보호와 보안을 개선하기 위해 지속적으로 노력해 왔다”며 “MASA 인증 획득으로 업계 최고 수준으로 고객 <b>정보</b>를 보호하고 소비자 <b>개인정보 유출</b>을 막아 이용 편의성을... ,https://www.ajunews.com/view/20240214161251168,https://www.ajunews.com/view/20240214161251168
50,2024-02-14 16:18:00,80여곳 난립… `삼중고` 알뜰폰업체 도태 위기,"<b>개인정보 유출</b> 위험뿐 아니라 범죄의 수단으로 악용될 수 있다. 특히 선불 알뜰폰의 경우 외국인, 신용불량자 등이 이용하는 경우가 많다. 이런 상황에서 알뜰폰 업계에서는 정부의 규제 움직임에 대해 우려와 기대의... ",https://www.dt.co.kr/contents.html?article_no=2024021402109931029004&ref=naver,https://n.news.naver.com/mnews/article/029/0002855203?sid=105
51,2024-02-14 16:00:00,"AI·6G 등 통신현안 한가득…통신3사, MWC '현장경영' 광폭 행보 나선다","지난해에는 1월 발생한 <b>개인정보유출</b>과 디도스 공격 등으로 인해 사이버보안에 집중하며 불참한 만큼, 올해에는 현장 경영에 집중한다는 계획이다. 다만 LG유플러스는 별도의 부스를 차리지 않고 글로벌 기업들과... ",https://www.techm.kr/news/articleView.html?idxno=120302,https://www.techm.kr/news/articleView.html?idxno=120302
52,2024-02-14 15:50:00,"테무, 모바일 애플리케이션 보안 평가 인증 획득","소비자는 <b>개인정보 유출</b> 걱정 없이 안심하고 쇼핑할 수 있다”고 전했다. 또한 테무는 사용자 로그인 절차의 보안을 강화하기 위해 2단계 인증을 구현하기도 했다. MASA 인증을 받은 앱으로는 월마트(Walmart), 구글... ",https://byline.network/?p=9004111222527157,https://byline.network/?p=9004111222527157
53,2024-02-14 15:45:00,"테무, MASA 인증 획득···&quot;<b>개인정보</b> 보호 강화&quot;",있기 때문에 소비자는 <b>개인정보 유출</b> 걱정 없이 안심하고 쇼핑할 수 있다&quot;고 강조했다. 한편 MASA 인증은 테무가 <b>개인정보</b> 보호와 보안의 투명성을 강화하기 위해 시행한 일련의 조치 중에서도 가장 최신 버전이다.,http://www.enewstoday.co.kr/news/articleView.html?idxno=2089872,http://www.enewstoday.co.kr/news/articleView.html?idxno=2089872
54,2024-02-14 15:29:00,"“‘사찰 논란’ 공수처 통신 조회, ‘적법’”… 피해자들 국가배상 소송 1심...","상대로 <b>개인 정보</b>에 해당하는 인적 사항을 법원 허가도 없이 무차별적으로 조회했다”, “적법한 요건을... 공소장 <b>유출</b> 의혹 등을 수사하는 과정에서 고위 공직자가 아닌 기자 등 일반인들을 상대로 통신 자료를 조회한... ",http://www.segye.com/newsView/20240214512474?OutUrl=naver,https://n.news.naver.com/mnews/article/022/0003904192?sid=102
55,2024-02-14 15:18:00,국민건강보험공단 &quot;보험료·의료비 환급금 문자 주의&quot;,웹사이트에 접속하면 핸드폰에 악성 앱이 설치되고 <b>개인정보</b>가 <b>유출</b>되는 등 피해가 발생할 수 있다. 환급금은 ▲ 국민건강보험공단 홈페이지(www.nhis.or.kr) ▲ The건강보험(앱) ▲ 사회보험통합징수포털(si4n.nhis.or.kr)... ,https://www.polinews.co.kr/news/articleView.html?idxno=635023,https://www.polinews.co.kr/news/articleView.html?idxno=635023
56,2024-02-14 15:16:00,"인천시교육청, 해킹 정황…학생·교직원 11만명 <b>정보 유출</b> '의심'",인천시교육청 교직원과 학생들이 사용하는 오피스365 계정(ID) <b>개인정보 유출</b>이 의심돼 경찰이 수사에 나섰습니다. 지난해 시교육청 교직원과 학생들이 쓰는 마이크로소프트 오피스365 관리자 계정에 해외IP를 통한 무단... ,http://news.lghellovision.net/news/articleView.html?idxno=455599,http://news.lghellovision.net/news/articleView.html?idxno=455599
57,2024-02-14 15:04:00,"&quot;공수처 통신조회, 권한 남용 아니다&quot;…한변, 국가배상 1심 패소",공수처는 2021년 '고발 사주' '이성윤 고검장 공소장 <b>유출</b>' 등 사건을 수사하면서 다수 법조인·정치인·언론인 이외 일반 시민의 통신자료(전화번호 사용자 이름·주소 등 <b>개인정보</b>)를 광범위하게 조회한 사실이 드러나며... ,http://news.mt.co.kr/mtview.php?no=2024021410442462089,https://n.news.naver.com/mnews/article/008/0004998549?sid=102
58,2024-02-14 14:55:00,"'공수처 통신 조회' 한변, 국가 상대 손배소 1심 패소...&quot;권한 남용 아냐&quot;",공수처는 지난 2021년 이성윤 전 서울중앙지검장(법무연수원 연구위원)의 공소장 <b>유출</b> 의혹을 수사하는... 그러면서 &quot;공수처는 범죄혐의도 없는 변호사들과 언론인을 상대로 <b>개인정보</b>에 해당하는 인적사항을 법원의 허가... ,https://www.newspim.com/news/view/20240214000751,https://www.newspim.com/news/view/20240214000751
59,2024-02-14 14:52:00,"테무, MASA 인증 획득...사용자 보안 및 <b>개인정보</b> 보호 강화",소비자는 <b>개인정보 유출</b> 걱정 없이 안심하고 쇼핑할 수 있다”고 전했다. 한편 MASA 인증은 테무가 <b>개인정보</b> 보호와 보안의 투명성을 강화하기 위해 시행한 일련의 조치 중에서도 가장 최신 버전이다. 이전에 테무는... ,https://www.smartfn.co.kr/article/view/sfn202402140034,https://www.smartfn.co.kr/article/view/sfn202402140034
60,2024-02-14 14:52:00,“아! 이럴줄 몰랐다” 영화속 장면이 현실로…믿었던 알뜰폰의 배신,"등 <b>개인정보 유출</b>을 겪었다는 점(알뜰폰 개통을 위해서는 신용카드 <b>정보</b> 입력해야 함) 등을 들어 보이스피싱 범죄 사실을 확인했다. 정부 기관이 범죄 피해 사실을 확인했음에도 불구하고, 피해를 주장하는 신청인은 법적... ",http://news.heraldcorp.com/view.php?ud=20240214050499,https://n.news.naver.com/mnews/article/016/0002266505?sid=105
61,2024-02-14 14:32:00,"네트워크, 보안, SW 곳곳에 구멍··· AI 도입 압력, IT 부문의 긴장 초래 중","- 응답자의 1%만이 <b>개인정보</b> 침해, 데이터 중독, 데이터 <b>유출</b> 또는 기타 사이버 공격을 포함한 AI 취약성에 대해 걱정하지 않는다고 답했다. - 87%는 회사의 AI 결과물이 정확한지 알 수 없다고 답했다. - 89%는 직원들이... ",https://www.ciokorea.com/news/325310,https://www.ciokorea.com/news/325310
62,2024-02-14 14:26:00,인기게임 숙명? 리썰 컴퍼니 가짜 앱 주의보,"특히 이러한 비공식 어플리케이션은 사용자 위치, 저장 <b>정보</b>, 설정 진단 등을 무단으로 수집해 <b>개인정보 유출</b>을 야기할 수 있는 만큼, 게이머도 주의할 필요가 있다. ▲ 리썰 컴퍼니 가짜 앱 관련 주의 공지 (자료출처... ",https://www.gamemeca.com/mv.php?inflow=naver_s&gid=1745846,https://sports.news.naver.com/news.nhn?oid=356&aid=0000065012
63,2024-02-14 14:23:00,테무 “MASA 인증 획득…사용자 보안·<b>개인정보</b> 보호 강화”,개선하기 위해 지속적으로 노력해 왔으며 그 일환으로 MASA 인증을 획득했다”며 “업계 최고의 수준으로 고객 <b>정보</b>를 보호하고 있기 때문에 소비자는 <b>개인정보 유출</b> 걱정 없이 안심하고 쇼핑할 수 있다”고 말했다.,https://www.etnews.com/20240214000237,https://n.news.naver.com/mnews/article/030/0003180866?sid=101
64,2024-02-14 14:16:00,"증평군, '체납안내문 모바일 전자문서 발송' 본격 시행","가능하므로 <b>개인정보 유출</b> 위험성이 적다. 군 관계자는 &quot;향후 체납안내문 모바일 전자고지 서비스를 추진하면서 발생하는 불편 사항 등을 면밀히 검토하고 개선해 나가겠다&quot;며, &quot;더불어 환급 안내 등 다른 분야에도... ",http://www.bzeronews.com/news/articleView.html?idxno=646557,http://www.bzeronews.com/news/articleView.html?idxno=646557
65,2024-02-14 14:04:00,제주은행 보이스피싱 예방활동 총력,"특히 직접적인 자금피해가 없더라도 <b>개인정보 유출</b>시 2차 피해가 발생할 수 있는 만큼 철저한 주의를 당부했다. 이외에도 제주은행 전 영업점내에서 보이스피싱 예방 영상을 송출하고 제주도청, 제주시청 민원실, 도내... ",http://www.jemin.com/news/articleView.html?idxno=767973,http://www.jemin.com/news/articleView.html?idxno=767973
66,2024-02-14 14:00:00,"증평군, 체납안내문 모바일 전자문서 발송 시행",가능하므로 <b>개인정보 유출</b> 위험성이 적다. 관계자는 &quot;향후 체납안내문 모바일 전자고지 서비스를 추진하면서 발생하는 불편 사항 등을 면밀히 검토하고 개선해 나가겠다&quot;며 &quot;이와 함께 환급 안내 등 다른 분야에도... ,https://www.ccreview.co.kr/news/articleView.html?idxno=316881,https://www.ccreview.co.kr/news/articleView.html?idxno=316881
67,2024-02-14 13:59:00,"배달 플랫폼, 이용자 <b>개인정보</b>보호 강화 완료…내부 시스템 개편","그간 배민·요기요 등 주문중개 플랫폼, 주문관리 시스템사, 라이더를 중개하는 배달 대행 플랫폼의 각 시스템 간 <b>개인정보</b>가 공유 및 전달되면서 일부 단계에서 <b>개인정보 유출</b> 취약점이 발생해 왔다. 업계는 시스템을... ",https://www.etnews.com/20240214000206,https://n.news.naver.com/mnews/article/030/0003180834?sid=101
68,2024-02-14 13:54:00,"(40) 맥도널드 커피 소송, 판사 바지 소송과 징벌적 손해배상","공장에서 <b>유출</b>되는 6가크롬 성분이 마을 사람들을 병들게 하고 있었던 것이다. 에린은 변호사의 도움을... 외에, <b>개인정보</b>보호법, 환경보건법 등에서 3배수 손해배상 제도를 도입하고 있다. 신용<b>정보</b>의 이용 및 보호에... ",https://www.lawtimes.co.kr/opinion/195860,https://www.lawtimes.co.kr/opinion/195860
69,2024-02-14 13:42:00,"테무, MASA 인증…사용자 <b>개인정보</b> 보호 강화 지속",보안을 개선하기 위해 지속적으로 노력해 왔으며 그 일환으로 MASA 인증을 획득했다”며 “업계 최고의 수준으로 고객 <b>정보</b>를 보호하고 있기 때문에 소비자는 <b>개인정보 유출</b> 걱정 없이 안심하고 쇼핑할 수 있다”고 전했다.,http://www.segyebiz.com/newsView/20240214509476?OutUrl=naver,http://www.segyebiz.com/newsView/20240214509476?OutUrl=naver
70,2024-02-14 12:52:00,“내 번호를 어떻게?”…선거철 문자폭탄에 ‘공해’ 호소,사는 지역과 무관한 곳에서 오는 경우도 적지 않아 <b>개인정보</b> 수집에 대한 불안감마저 느낄 정돕니다. 조휴연... 어디서 <b>유출</b>되고 있는 건가.&quot;] 예비후보들이 각종 단체 등에서 가리지 않고 번호를 수집하는 탓입니다. [총선... ,https://news.kbs.co.kr/news/pc/view/view.do?ncd=7889708&ref=A,https://n.news.naver.com/mnews/article/056/0011661602?sid=102
71,2024-02-14 12:14:00,"미국 2위 보험사 프루덴셜, 해커들의 침해 공격으로 일부 <b>개인정보</b> 탈취돼",당시 프루덴셜 고객 32만 명의 <b>개인정보</b>가 <b>유출</b>됐다. 이 사고는 클롭(Clop)이라는 랜섬웨어 집단이 무브잇(MOVEit)이라는 파일 전송 프로그램의 제로데이 취약점을 익스플로잇 한 것에서부터 시작됐다.말말말... ,http://www.boannews.com/media/view.asp?idx=126667&kind=,http://www.boannews.com/media/view.asp?idx=126667&kind=
72,2024-02-14 11:52:00,"파수, 'AI바우처' 수요기업 모집 …2억원 상당 바우처 지원",민감<b>정보 유출</b>을 방지할 수 있게 지원할 방침이다. 2개 솔루션 모두 별도의  과정 없이 바로 기존 시스템에 적용이 가능한 장점이 있다고 파수는 소개했다. AI-R 프라이버시는 AI기술로 비정형 데이터 내 <b>개인정보</b>를... ,https://www.itbiznews.com/news/articleView.html?idxno=125698,https://www.itbiznews.com/news/articleView.html?idxno=125698
73,2024-02-14 11:46:00,11만명 <b>정보</b> 담긴 인천시교육청 해킹 의심…경찰 수사,"휴대전화 번호 <b>유출</b>과 관련해 시교육청은 휴대전화 번호를 입력한 경우는 3000명 미만이며, <b>개인정보</b>가 실제로 <b>유출</b>됐는지는 아직 확인되지 않았다는 입장이다. 시교육청은 지난달 경찰에 수사를 의뢰한 상태다.... ",https://www.ntoday.co.kr/news/articleView.html?idxno=103137,https://www.ntoday.co.kr/news/articleView.html?idxno=103137
74,2024-02-14 11:46:00,"테무, MASA 인증 획득…<b>개인정보</b> 보호 강화","왔으며, 그 일환으로 MASA 인증을 획득했다&quot;며 &quot;업계 최고의 수준으로 고객 <b>정보</b>를 보호하고 있기 때문에 소비자는 <b>개인정보 유출</b> 걱정 없이 안심하고 쇼핑할 수 있다&quot;고 밝혔다. 김형원 기자 otakukim@chosunbiz.com",https://it.chosun.com/news/articleView.html?idxno=2023092110194,https://it.chosun.com/news/articleView.html?idxno=2023092110194
75,2024-02-14 11:42:00,"증평군, '체납안내문 모바일 전자문서 발송' 본격 시행","가능하므로 <b>개인정보 유출</b> 위험성이 적다. 군 관계자는 &quot;향후 체납안내문 모바일 전자고지 서비스를 추진하면서 발생하는 불편 사항 등을 면밀히 검토하고 개선해 나가겠다&quot;며, &quot;더불어 환급 안내 등 다른 분야에도... ",https://www.ccdailynews.com/news/articleView.html?idxno=2256606,https://www.ccdailynews.com/news/articleView.html?idxno=2256606
76,2024-02-14 11:08:00,"증평군, 체납안내문 모바일 전자문서 발송",암호화한 주민등록번호를 사용하고 본인 인증을 통해서만 체납안내문 열람이 가능하므로 <b>개인정보 유출</b> 위험성이 적다. 군 관계자는 &quot;향후 체납안내문 모바일 전자고지 서비스를 추진하면서 발생하는 불편 사항 등을... ,https://www.inews365.com/news/article.html?no=801442,https://www.inews365.com/news/article.html?no=801442
77,2024-02-14 11:02:00,"테무, MASA 인증 획득…사용자 보안·<b>개인정보</b> 보호 강화",있어 <b>개인정보 유출</b> 걱정 없이 쇼핑할 수 있다&quot;고 말했다. 앞서 테무는 샌프란시스코에 본사를 둔 사이버 보안 회사 해커원과 협력해 화이트 해커(윤리적 해커)가 테무의 시스템 보안 결함을 찾아 보고할 수 있도록... ,https://daily.hankooki.com/news/articleView.html?idxno=1051467,https://daily.hankooki.com/news/articleView.html?idxno=1051467
78,2024-02-14 10:58:00,"테무, MASA 인증 획득…사용자 보안·<b>개인정보</b> 보호 강화","개선하기 위해 지속적으로 노력해 왔으며, 그 일환으로 MASA 인증을 획득했다&quot;며 &quot;업계 최고의 수준으로 고객 <b>정보</b>를 보호하고 있기 때문에 소비자는 <b>개인정보 유출</b> 걱정 없이 안심하고 쇼핑할 수 있다&quot;고 전했다.",http://www.smedaily.co.kr/news/articleView.html?idxno=281592,http://www.smedaily.co.kr/news/articleView.html?idxno=281592
79,2024-02-14 10:50:00,“내 번호를 어떻게?”…선거철 문자폭탄에 ‘공해’ 호소,사는 지역과 무관한 곳에서 오는 경우도 적지 않아 <b>개인정보</b> 수집에 대한 불안감마저 느낄 정돕니다. 조휴연... [김예은/경기도 수원시 : &quot;저는 제 번호 알려드린 적이 없는데 여기저기서 전화가 오니까 어디서 <b>유출</b>되고... ,https://news.kbs.co.kr/news/pc/view/view.do?ncd=7889622&ref=A,https://n.news.naver.com/mnews/article/056/0011661525?sid=100
80,2024-02-14 10:42:00,"테무, MASA 인증 획득...&quot;사용자 <b>개인정보</b> 보호 강화”",소비자는 <b>개인정보 유출</b> 걱정 없이 안심하고 쇼핑할 수 있다&quot;고 전했다. MASA 인증은 테무가 <b>개인정보</b> 보호와 보안의 투명성을 강화하기 위해 시행한 일련의 조치 중에서도 가장 최신 버전이다. 이전에 테무는... ,https://zdnet.co.kr/view/?no=20240214104051,https://n.news.naver.com/mnews/article/092/0002321232?sid=105
81,2024-02-14 10:42:00,"테무, MASA 인증 획득…사용자 보안 및 <b>개인정보</b> 보호 강화","개선하기 위해 지속적으로 노력해 왔으며, 그 일환으로 MASA 인증을 획득했다&quot;며 &quot;업계 최고의 수준으로 고객 <b>정보</b>를 보호하고 있기 때문에 소비자는 <b>개인정보 유출</b> 걱정 없이 안심하고 쇼핑할 수 있다&quot;고 전했다.",https://www.getnews.co.kr/news/articleView.html?idxno=661016,https://www.getnews.co.kr/news/articleView.html?idxno=661016
82,2024-02-14 10:26:00,"테무, MASA 인증 획득…사용자 보안·<b>개인정보</b> 보호 강화","개선하기 위해 지속적으로 노력해 왔으며, 그 일환으로 MASA 인증을 획득했다&quot;며 &quot;업계 최고의 수준으로 고객 <b>정보</b>를 보호하고 있기 때문에 소비자는 <b>개인정보 유출</b> 걱정 없이 안심하고 쇼핑할 수 있다&quot;고 전했다.",https://www.datanet.co.kr/news/articleView.html?idxno=190994,https://www.datanet.co.kr/news/articleView.html?idxno=190994
83,2024-02-14 10:22:00,"아이비씨티, 탄소감축 위해 에코플래닛과 손잡아","DIDH(Decentralized Identity Data Hub, 탈중앙화 데이터 플랫폼) 기술을 근간으로 식별과 비식별 <b>정보</b> 분리저장, <b>개인</b>키 백업 및 복구 시스템을 통해 <b>개인정보 유출</b>, 민감<b>정보</b> 해킹 등 사이버보안 위협을 효과적으로 해결할 수... ",https://ditoday.com/%ec%95%84%ec%9d%b4%eb%b9%84%ec%94%a8%ed%8b%b0-%ed%83%84%ec%86%8c%ea%b0%90%ec%b6%95-%ec%9c%84%ed%95%b4-%ec%97%90%ec%bd%94%ed%94%8c%eb%a0%88%eb%8b%9b%ea%b3%bc-%ec%86%90%ec%9e%a1%ec%95%84/,https://ditoday.com/%ec%95%84%ec%9d%b4%eb%b9%84%ec%94%a8%ed%8b%b0-%ed%83%84%ec%86%8c%ea%b0%90%ec%b6%95-%ec%9c%84%ed%95%b4-%ec%97%90%ec%bd%94%ed%94%8c%eb%a0%88%eb%8b%9b%ea%b3%bc-%ec%86%90%ec%9e%a1%ec%95%84/
84,2024-02-14 10:22:00,증평군 '체납안내문 모바일 전자문서 발송' 본격 시행,가능하므로 <b>개인정보 유출</b> 위험성이 적다. 군 관계자는 &quot;향후 체납안내문 모바일 전자고지 서비스를 추진하면서 발생하는 불편 사항 등을 면밀히 검토하고 개선해 나가겠다&quot;며 &quot;더불어 환급 안내 등 다른 분야에도 확대... ,https://www.ggilbo.com/news/articleView.html?idxno=1015088,https://www.ggilbo.com/news/articleView.html?idxno=1015088
85,2024-02-14 10:14:00,"테무, MASA 인증 획득해 사용자 보안 및 <b>개인정보</b> 보호 강화 나서","보안을 개선하기 위해 지속적으로 노력해 왔으며, 그 일환으로 MASA 인증을 획득했다&quot;며 &quot;업계 최고의 수준으로 고객 <b>정보</b>를 보호하고 있기 때문에 소비자는 <b>개인정보 유출</b> 걱정 없이 안심하고 쇼핑할 수 있다&quot;고 전했다.",http://www.metroseoul.co.kr/article/20240214500101,http://www.metroseoul.co.kr/article/20240214500101
86,2024-02-14 10:12:00,"메이플 랜드, 채금ㆍ이용정지 정책 구체적으로 정립",타인의 <b>개인정보 유출</b>을 직 간접적으로 시도할 경우 ※ 이외 해당 사항에 없더라도 위와 같은 상황이 연출된다고 판단할 경우 ■ 월드 내 홍보 및 광고 임시 이용 제한 및 영구 이용 제한 ① 월드 내 허용되는 기능으로... ,https://www.gametoc.co.kr/news/articleView.html?idxno=79204,https://www.gametoc.co.kr/news/articleView.html?idxno=79204
87,2024-02-14 10:06:00,"님(Nym), 믹스넷과 지캐시 통합을 위해 15만 달러 지원금 수령",이는 사용자의 메타데이터 <b>유출</b> 우려를 해결하여 <b>개인 정보</b> 보호를 강화하는 것을 목표로 한다. 이번 통합의 일환으로 님의 믹스넷은 일렉트릭 코인 컴퍼니가 개발한 지캐시 라이트 클라이언트 라이브러리 내에 내장될... ,https://www.tokenpost.kr/article-164510,https://www.tokenpost.kr/article-164510
88,2024-02-14 10:06:00,"테무, MASA 인증 획득...&quot;사용자 보안·<b>개인정보</b> 보호 강화&quot;","개선하기 위해 지속적으로 노력해 왔으며, 그 일환으로 MASA 인증을 획득했다&quot;며 &quot;업계 최고의 수준으로 고객 <b>정보</b>를 보호하고 있기 때문에 소비자는 <b>개인정보 유출</b> 걱정 없이 안심하고 쇼핑할 수 있다&quot;고 전했다.",http://www.hansbiz.co.kr/news/articleView.html?idxno=680537,http://www.hansbiz.co.kr/news/articleView.html?idxno=680537
89,2024-02-14 10:06:00,"테무, MASA 인증 획득…<b>개인정보</b> 보호 강화 나서","위해 지속적으로 노력해 왔으며, 그 일환으로 MASA 인증을 획득했다”며 “업계 최고의 수준으로 고객 <b>정보</b>를 보호하고 있기 때문에 소비자는 <b>개인정보 유출</b> 걱정 없이 안심하고 쇼핑할 수 있다”고 전했다.",https://www.dailian.co.kr/news/view/1328085/?sc=Naver,https://n.news.naver.com/mnews/article/119/0002799333?sid=101
90,2024-02-14 10:06:00,[자막뉴스] 다급한 바이든 '내로남불'...美 내부서도 '발칵',하지만 틱톡은 중국 기업이 모기업이어서 중국 정부로의 <b>개인 정보 유출</b> 우려가 있다며 지난해 백악관이 나서 연방정부의 모든 전자 기기에서 틱톡 앱 삭제를 지시한 상황. 곧바로 공화당은 물론 민주당 내부에서도... ,https://www.ytn.co.kr/_ln/0134_202402141006226800,https://n.news.naver.com/mnews/article/052/0001997633?sid=104
91,2024-02-14 10:06:00,"테무, MASA 인증 획득…사용자 보안·<b>개인정보</b> 보호 강화",있어 <b>개인정보 유출</b> 걱정 없이 쇼핑할 수 있다&quot;고 말했다. 앞서 테무는 샌프란시스코에 본사를 둔 사이버 보안 회사 해커원과 협력해 화이트 해커(윤리적 해커)가 테무의 시스템 보안 결함을 찾아 보고할 수 있도록... ,https://www.news1.kr/articles/5319958,https://n.news.naver.com/mnews/article/421/0007349621?sid=101
92,2024-02-14 09:54:00,"파수, AI바우처 수요기업 모집... ‘AI로 민감<b>정보</b> 보호하세요’",챗GPT 등 생성형 AI 서비스 활용 과정에서의 <b>개인정보</b> 및 민감<b>정보 유출</b>이 걱정되는 경우라면 파수의 ‘AI-R DLP’를 통해 보안을 강화할 수 있다. AI-R DLP는 생성형 AI 서비스에 전송되는 데이터 내의 민감<b>정보</b>를... ,http://www.boannews.com/media/view.asp?idx=126657&kind=,http://www.boannews.com/media/view.asp?idx=126657&kind=
93,2024-02-14 09:52:00,“내 번호를 어떻게?”…선거철 문자폭탄에 ‘공해’ 호소,사는 지역과 무관한 곳에서 오는 경우도 적지 않아 <b>개인정보</b> 수집에 대한 불안감마저 느낄 정돕니다. 조휴연... 어디서 <b>유출</b>되고 있는 건가.&quot;] 예비후보들이 각종 단체 등에서 가리지 않고 번호를 수집하는 탓입니다. [총선... ,https://news.kbs.co.kr/news/pc/view/view.do?ncd=7889481&ref=A,https://n.news.naver.com/mnews/article/056/0011661428?sid=102
94,2024-02-14 09:52:00,"테무, MASA 인증 획득…사용자 보안·<b>개인정보</b> 보호 강화",위해 지속적으로 노력해 왔으며 그 일환으로 MASA 인증을 획득했다”며 “업계 최고의 수준으로 고객 <b>정보</b>를 보호하고 있기 때문에 소비자는 <b>개인정보 유출</b> 걱정 없이 안심하고 쇼핑할 수 있다”고 전했다. [EBN ()],https://www.ebn.co.kr/news/view/1612683/?sc=Naver,https://www.ebn.co.kr/news/view/1612683/?sc=Naver
95,2024-02-14 09:42:00,"테무, MASA 인증 획득… 사용자 보안 강화",테무 관계자는 “테무는 업계 최고의 수준으로 고객 <b>정보</b>를 보호하고 있기 때문에 소비자는 <b>개인정보 유출</b> 걱정 없이 안심하고 쇼핑할 수 있다”고 말했다. moon@,https://www.dnews.co.kr/uhtml/view.jsp?idxno=202402140929175480884,https://www.dnews.co.kr/uhtml/view.jsp?idxno=202402140929175480884
96,2024-02-14 09:30:00,"[인터뷰] 라온시큐어 이정아 대표 “국내 톱 보안기업, K-시큐리티 글로벌 리...","활용한 <b>정보</b>의 <b>유출</b> 등으로부터 국가기밀을 보호하기 위한 양자대응 암호체계를 구축하고, 우리 암호화... 이를 양자컴퓨팅이 나왔을 때, 각종 <b>개인정보</b>와 기밀이 포함된 데이터들을 해독하기 위해서”라며 “지금 당장... ",https://www.ddaily.co.kr/page/view/2024021319214155839,https://n.news.naver.com/mnews/article/138/0002166753?sid=105
97,2024-02-14 09:10:00,"오너 이슈로 주가하락, 화재로 원료약 수급 차질…제약바이오, '리스크' 관리...","국내 완제의약품 제조기업에서 해킹으로 인해 의사와 약사의 <b>개인정보</b>가 <b>유출</b>되는 사고가 발생한 것인데, 사건발생 일주일이 지나서야 당사자들에게 <b>유출</b> 사실을 알려 늑장 대응이라는 지적이 나왔다. 지난 2022년에는... ",https://www.newsway.co.kr/news/view?ud=2024021409080569751,https://www.newsway.co.kr/news/view?ud=2024021409080569751
98,2024-02-14 09:08:00,"증평군, '체납안내문 모바일 전자문서 발송' 본격 시행","가능하므로 <b>개인정보 유출</b> 위험성이 적다. 군 관계자는 &quot;향후 체납안내문 모바일 전자고지 서비스를 추진하면서 발생하는 불편 사항 등을 면밀히 검토하고 개선해 나가겠다&quot;며, &quot;더불어 환급 안내 등 다른 분야에도... ",https://www.gukjenews.com/news/articleView.html?idxno=2921026,https://www.gukjenews.com/news/articleView.html?idxno=2921026
99,2024-02-14 08:56:00,챗GPT에 '기억력' 생겼다,<b>개인정보 유출</b>이 우려된다면 관련 기능을 끄거나 임시 채팅을 사용하면 된다. 지난 대화를 모두 기록할 경우 챗GPT 서버가 더 많은 저장공간을 필요로 하지만 새로운 기능을 적용하면 반복 작업이 줄면서 최종적인 연산... ,https://www.sedaily.com/NewsView/2D5CUI3809,https://n.news.naver.com/mnews/article/011/0004299233?sid=105
100,2024-02-14 08:40:00,"[토큰포스트 브리핑] 번스타인 &quot;비트코인, 연말 최고가 경신 가능성 有&quot; 外","이를 통해 사용자의 메타데이터 <b>유출</b> 문제를 해결하고, <b>개인 정보</b> 보호를 강화할 수 있다고 님 측은 설명했다. 아울러 이번 파트너십의 일환으로 님은 지캐시로부터 15만 달러 상당 커뮤니티 보조금을 지원... ",https://www.tokenpost.kr/article-164493,https://www.tokenpost.kr/article-164493
